"participant","log_response_time","response_time","payoff_accuracy","session_number"
"F",7.71020519443253,2231,1,0
"F",8.41027590907016,4493,2,0
"F",7.86940171257709,2616,3,0
"F",7.89506349809157,2684,4,0
"F",7.87283617502572,2625,5,0
"F",8.43489794868941,4605,6,0
"F",7.84384863815247,2550,7,0
"F",8.17807746384961,3562,8,0
"F",8.39638057119949,4431,9,0
"F",8.7645219095188,6403,10,0
"F",8.59932602095476,5428,11,0
"F",8.27205962221041,3913,12,0
"F",8.51559191004926,4992,13,0
"F",8.6152269316876,5515,14,0
"F",8.81209910895734,6715,15,0
"F",8.55371796609861,5186,16,0
"F",8.1763915966338,3556,15,0
"F",8.50126704086598,4921,14,0
"F",8.56483984488359,5244,13,0
"F",8.07682603129881,3219,12,0
"F",8.20685642839965,3666,11,0
"F",7.91717198884578,2744,10,0
"F",7.88419993367604,2655,9,0
"F",7.85593219971861,2581,8,0
"F",7.98412195870293,2934,7,0
"F",7.69439280262942,2196,6,0
"F",7.80057265467065,2442,7,0
"F",7.9402277651457,2808,8,0
"F",8.34212526333359,4197,9,0
"F",7.84227877911735,2546,10,0
"F",8.04654935728308,3123,11,0
"F",8.11522197256233,3345,12,0
"F",7.96831950001272,2888,13,0
"F",8.45553053102413,4701,14,0
"F",8.77199043653224,6451,15,0
"F",8.61685751452918,5524,16,0
"F",8.648045999835,5699,17,0
"F",8.65451738227946,5736,18,0
"F",8.43098149459717,4587,19,0
"F",8.50228257868048,4926,20,0
"F",8.2380082492184,3782,21,0
"F",8.49515206053936,4891,22,0
"F",8.33782726244791,4179,1,0
"F",7.71868549519847,2250,2,0
"F",8.15536212032814,3482,3,0
"F",8.13593277200489,3415,4,0
"F",8.18507147753228,3587,5,0
"F",8.50248556254396,4927,6,0
"F",8.0166478770578,3031,7,0
"F",7.85515700588134,2579,8,0
"F",7.70300768247924,2215,9,0
"F",7.85166117788927,2570,10,0
"F",8.29154650988391,3990,11,0
"F",8.57073395834427,5275,12,0
"F",8.26616443661249,3890,13,0
"F",8.7212762399917,6132,14,0
"F",8.65712903171375,5751,15,0
"F",8.15392513200786,3477,16,0
"F",8.36590507720246,4298,17,0
"F",8.46779284112111,4759,18,0
"F",8.52555810774787,5042,19,0
"F",8.40178233990491,4455,20,0
"F",8.46379241468912,4740,21,0
"F",8.60557030203365,5462,22,0
"F",8.84000106584339,6905,23,0
"F",8.49535649680706,4892,24,0
"F",8.65277248565806,5726,24,0
"F",8.63087895582005,5602,24,0
"F",8.75982559531429,6373,24,0
"F",8.59877317840866,5425,24,0
"F",8.52714352226941,5050,23,0
"F",8.52654928634026,5047,22,0
"F",8.8499442272356,6974,21,0
"F",8.66354208775137,5788,20,0
"F",8.48817624234574,4857,19,0
"F",8.5709235138372,5276,18,0
"F",8.7408166275673,6253,17,0
"F",8.51619269108265,4995,16,0
"F",8.60355435706428,5451,15,0
"F",8.8997307948807,7330,14,0
"F",8.6699142784339,5825,13,0
"F",8.47824444127766,4809,12,0
"F",8.29479935899257,4003,11,0
"F",8.54519738782584,5142,10,0
"F",7.8898337513943,2670,9,0
"F",8.63373100766419,5618,8,0
"F",8.55622157838371,5199,7,0
"F",8.05959232888755,3164,6,0
"F",7.81439963380449,2476,5,0
"F",7.60837447438078,2015,4,0
"F",8.26821888006751,3898,3,0
"F",7.62364194651157,2046,2,0
"F",7.8804263442924,2645,1,0
"F",7.86480400332846,2604,0,0
"F",7.77275271646874,2375,0,0
"F",8.25166392360559,3834,0,0
"F",7.74630066223144,2313,0,0
"F",8.30647216010058,4050,0,0
"F",7.77485576666552,2380,0,0
"F",7.87016594646984,2618,0,0
"F",7.8407064517494,2542,0,0
"F",7.87131120332341,2621,0,0
"F",8.21365270303,3691,0,0
"F",7.78530518253986,2405,0,0
"F",7.86365126544865,2601,0,0
"F",8.02812905943176,3066,0,0
"F",7.81601383915903,2480,0,0
"F",7.76344638872736,2353,0,0
"F",7.89878235697031,2694,0,0
"F",7.650168700845,2101,0,0
"F",7.95155933115525,2840,0,0
"F",7.69439280262942,2196,1,0
"F",7.87663846097546,2635,2,0
"F",8.09712193091871,3285,3,0
"F",7.98036576511125,2923,4,0
"F",7.89506349809157,2684,5,0
"F",8.32385113133882,4121,6,0
"F",7.90507284949867,2711,7,0
"F",7.8087293067444,2462,8,0
"F",7.7066129139642,2223,9,0
"F",7.66669020008009,2136,10,0
"F",7.87663846097546,2635,11,0
"F",7.83122021460429,2518,12,0
"F",8.5131851700187,4980,13,0
"F",8.69868106746161,5995,14,0
"F",8.37378460812088,4332,15,0
"F",7.99193051985248,2957,16,0
"F",8.73953642255968,6245,17,0
"F",8.3742461820963,4334,18,0
"F",8.61758136544751,5528,19,0
"F",8.69951474821019,6000,20,0
"F",8.74001669151952,6248,21,0
"F",8.66544076787644,5799,22,0
"F",8.76608245914886,6413,23,0
"F",8.53385363230935,5084,24,0
"F",8.76280248744611,6392,24,0
"F",8.65834547117212,5758,24,0
"F",8.53758388106397,5103,24,0
"F",8.39840965542627,4440,24,0
"F",8.40916244720253,4488,23,0
"F",8.66939912430557,5822,22,0
"F",8.96290412809293,7808,21,0
"F",8.72485755588199,6154,20,0
"F",8.81789020094551,6754,19,0
"F",8.61812390999468,5531,18,0
"F",8.64082575186151,5658,17,0
"F",8.62640627638955,5577,16,0
"F",8.88474872645118,7221,15,0
"F",8.56293108309009,5234,14,0
"F",8.20083725837985,3644,13,0
"F",8.93115542977835,7564,12,0
"F",8.45489216521886,4698,11,0
"F",8.24643378616036,3814,10,0
"F",8.05737748855799,3157,9,0
"F",7.94236223767433,2814,8,0
"F",7.75747876658418,2339,7,0
"F",8.32360844234357,4120,6,0
"F",7.96762673933382,2886,5,0
"F",7.71154897962915,2234,4,0
"F",7.93630269320196,2797,3,0
"F",8.05102220819068,3137,2,0
"F",7.84149292446001,2544,1,0
"F",8.352318548226,4240,0,0
"F",8.66613030419061,5803,21,0
"F",8.51659301134421,4997,20,0
"F",8.349011198176,4226,19,0
"F",8.4885879344059,4859,18,0
"F",8.68710472813351,5926,17,0
"F",8.49023300983345,4867,16,0
"F",9.00417684069666,8137,15,0
"F",8.77955745588373,6500,14,0
"F",8.88280805492444,7207,13,0
"F",8.68033192879342,5886,12,0
"F",8.08425410630732,3243,11,0
"F",8.73536440110389,6219,10,0
"F",8.28349412616251,3958,9,0
"F",7.69439280262942,2196,8,0
"F",7.84306401669205,2548,7,0
"F",7.69211333959547,2191,6,0
"F",7.81843027207066,2486,5,0
"F",7.9229859587112,2760,4,0
"F",7.90322680873073,2706,5,0
"F",8.04622910107538,3122,6,0
"F",7.78197323443438,2397,7,0
"F",7.80913539812054,2463,8,0
"F",7.63916117165917,2078,9,0
"F",8.00570067866254,2998,10,0
"F",8.15794350710504,3491,11,0
"F",7.92660259918138,2770,12,0
"F",8.49433389727015,4887,13,0
"F",8.72712991524317,6168,14,0
"F",8.59044365315583,5380,15,0
"F",8.54772239645106,5155,16,0
"F",8.66733584984596,5810,17,0
"F",8.62119278143472,5548,18,0
"F",8.47762041629641,4806,17,0
"F",8.75731184693641,6357,16,0
"F",8.12088602109284,3364,15,0
"F",8.28147085789517,3950,14,0
"F",8.71702717329482,6106,13,0
"F",8.22550309756692,3735,12,0
"F",8.41027590907016,4493,11,0
"F",8.25114213909075,3832,10,0
"F",8.5016733797582,4923,9,0
"F",8.11282747875137,3337,8,0
"F",8.09101504171053,3265,7,0
"F",7.99463231143183,2965,6,0
"F",7.75705114203201,2338,5,0
"F",7.98241634682773,2929,4,0
"F",7.83991936001258,2540,3,0
"F",8.30350479887278,4038,2,0
"F",7.71868549519847,2250,1,0
"F",7.76811037852599,2364,0,0
"F",7.69530313496357,2198,0,0
"F",7.8046592970561,2452,0,0
"F",7.91644286012226,2742,0,0
"F",7.86018505747217,2592,1,0
"F",7.69621263934641,2200,2,0
"F",8.0805469658245,3231,3,0
"F",7.88419993367604,2655,4,0
"F",8.10892415597534,3324,5,0
"F",8.06746266701006,3189,6,0
"F",7.59739632021279,1993,7,0
"F",7.80180040190897,2445,8,0
"F",7.81156848934518,2469,9,0
"F",7.83042561782033,2516,10,0
"F",7.80628928926703,2456,11,0
"F",7.65396918047877,2109,12,0
"F",7.85088266480985,2568,13,0
"F",8.26281693767093,3877,14,0
"F",8.40335237499248,4462,15,0
"F",8.49801037199946,4905,16,0
"F",8.2398574110186,3789,17,0
"F",8.16166045205628,3504,18,0
"F",8.48425669116997,4838,19,0
"F",8.51077262361331,4968,20,0
"F",8.98994304633,8022,21,0
"F",8.61286694148452,5502,22,0
"F",8.41183267575841,4500,23,0
"F",8.60355435706428,5451,22,0
"F",8.70118002752925,6010,21,0
"F",8.59692815943509,5415,20,0
"F",8.26384813136891,3881,19,0
"F",8.72404474595347,6149,18,0
"F",8.65678120562329,5749,17,0
"F",8.58821067865152,5368,16,0
"F",8.84879645092595,6966,15,0
"F",8.77832592863448,6492,14,0
"F",8.04430540699064,3116,13,0
"F",8.44397712908498,4647,12,0
"F",8.24564690087386,3811,11,0
"F",8.22630598801551,3738,10,0
"F",8.82128980513611,6777,9,0
"F",8.17413934342947,3548,8,0
"F",7.85438121065236,2577,7,0
"F",8.17385745477362,3547,6,0
"F",7.80954132465341,2464,5,0
"F",7.77317368048254,2376,4,0
"F",8.25192471380136,3835,3,0
"F",7.80261806344267,2447,2,0
"F",8.11042723757502,3329,1,0
"F",8.08085641964099,3232,0,0
"F",7.86288203464149,2599,0,0
"F",7.79358680337158,2425,0,0
"F",7.8046592970561,2452,0,0
"F",7.9672801789422,2885,0,0
"F",7.7591874385078,2343,0,0
"F",7.7445698093545,2309,1,0
"F",8.13270648969326,3404,2,0
"F",7.72444664563354,2263,3,0
"F",8.29079434738136,3987,4,0
"F",8.39298958795693,4416,5,0
"F",7.87663846097546,2635,6,0
"F",7.74500280351584,2310,7,0
"F",7.8815599170569,2648,8,0
"F",7.90285719128058,2705,9,0
"F",7.84619881549743,2556,10,0
"F",8.09376775793108,3274,11,0
"F",8.04686951095958,3124,12,0
"F",8.63781663373998,5641,13,0
"F",8.6020856584342,5443,14,0
"F",8.54422453046727,5137,15,0
"F",8.24905227417129,3824,16,0
"F",8.52098598965493,5019,17,0
"F",8.69901462316851,5997,18,0
"F",8.36404201192206,4290,17,0
"F",8.49228555571005,4877,16,0
"F",8.60502090178176,5459,15,0
"F",8.73085190351923,6191,14,0
"F",8.20576472523446,3662,13,0
"F",8.97030495299176,7866,12,0
"F",7.90801944463247,2719,11,0
"F",7.81439963380449,2476,10,0
"F",7.85360481309784,2575,9,0
"F",8.53050420547591,5067,8,0
"F",7.83082299513532,2517,7,0
"F",7.7931743471892,2424,6,0
"F",8.64751945309181,5696,5,0
"F",7.71244383427499,2236,4,0
"F",7.71912984090673,2251,3,0
"F",7.71601526664259,2244,2,0
"F",8.01862546504575,3037,1,0
"F",7.85631957140659,2582,0,0
"F",7.85321638815607,2574,0,0
"F",7.83834331555712,2536,0,0
"F",7.69120009752286,2189,0,0
"F",7.80220931624712,2446,0,0
"F",7.78945456608667,2415,1,0
"F",8.06589354696427,3184,2,0
"F",7.57095858316901,1941,3,0
"F",7.94449216393216,2820,4,0
"F",8.19229373114764,3613,5,0
"F",7.59789795052178,1994,6,0
"F",8.0106915391303,3013,7,0
"F",7.91498300584839,2738,8,0
"F",8.0870254706677,3252,9,0
"F",8.15622332319462,3485,10,0
"F",7.87511928104029,2631,11,0
"F",7.92588031673756,2768,12,0
"F",8.0258433441509,3059,13,0
"F",8.77524045873833,6472,14,0
"F",8.66215896166642,5780,15,0
"F",8.88364023250367,7213,16,0
"F",8.45595588194505,4703,17,0
"F",8.51278348292754,4978,18,0
"F",8.49453850085143,4888,19,0
"F",8.60135049942296,5439,20,0
"F",8.45807992692373,4713,21,0
"F",8.46821300919452,4761,22,0
"F",8.97739897818186,7922,23,0
"F",8.58260632996447,5338,24,0
"F",8.82025636590632,6770,23,0
"F",8.96877823513796,7854,22,0
"F",8.99168672593482,8036,21,0
"F",8.7702838190984,6440,20,0
"F",8.6909784171879,5949,19,0
"F",8.68185981297147,5895,18,0
"F",8.57904059474232,5319,17,0
"F",8.60776488960062,5474,16,0
"F",8.49984355308112,4914,15,0
"F",8.54539184577492,5143,14,0
"F",8.64047220757641,5656,13,0
"F",8.53129331579502,5071,12,0
"F",7.99699040583765,2972,11,0
"F",8.90598676523643,7376,10,0
"F",8.09285102753838,3271,9,0
"F",7.986504938554,2941,8,0
"F",7.98104975966596,2925,7,0
"F",8.90882979158787,7397,6,0
"F",7.71957398925958,2252,5,0
"F",7.74802852443238,2317,4,0
"F",7.74370325817375,2307,3,0
"F",8.18088094199639,3572,2,0
"F",7.62851762657506,2056,1,0
"F",7.68294316987829,2171,0,0
"F",7.99193051985248,2957,0,0
"F",7.78447323573647,2403,0,0
"F",7.65775527113487,2117,0,0
"F",7.68478394352278,2175,1,0
"F",7.70210434005105,2213,2,0
"F",7.66481578528574,2132,3,0
"F",7.90728360942635,2717,4,0
"F",7.67740043051481,2159,5,0
"F",7.76259604854007,2351,6,0
"F",7.93379687481541,2790,7,0
"F",7.7873820264847,2410,8,0
"F",7.77527584648686,2381,9,0
"F",7.9208096792886,2754,10,0
"F",7.76302130901852,2352,11,0
"F",9.09054280852059,8871,12,0
"F",8.38958706681109,4401,13,0
"F",8.23774380389093,3781,14,0
"F",8.46379241468912,4740,15,0
"F",8.72420736080056,6150,16,0
"F",8.51879191277993,5008,17,0
"F",8.87108426397835,7123,16,0
"F",8.18562889114761,3589,15,0
"F",8.55429627936774,5189,14,0
"F",8.59137258959049,5385,13,0
"F",8.36637030168165,4300,12,0
"F",7.8087293067444,2462,11,0
"F",7.85360481309784,2575,10,0
"F",7.80710329012598,2458,9,0
"F",7.95892649305011,2861,8,0
"F",7.84463264446468,2552,7,0
"F",7.67925142595306,2163,6,0
"F",7.8087293067444,2462,5,0
"F",8.07713663853845,3220,4,0
"F",7.71244383427499,2236,3,0
"F",7.81923445385907,2488,2,0
"F",7.89506349809157,2684,1,0
"F",7.75233516330229,2327,0,0
"F",7.90581031265893,2713,0,0
"F",7.88608140177575,2660,1,0
"F",7.64683139143048,2094,2,0
"F",7.9483852851119,2831,3,0
"F",8.05674377497531,3155,4,0
"F",7.83082299513532,2517,5,0
"F",8.09712193091871,3285,6,0
"F",8.31311670281925,4077,7,0
"F",7.85979918056211,2591,8,0
"F",7.91498300584839,2738,9,0
"F",8.16763571524637,3525,10,0
"F",8.12946976478423,3393,11,0
"F",8.48466999971068,4840,12,0
"F",8.36660283278374,4301,13,0
"F",7.90174751852014,2702,14,0
"F",8.38274709486331,4371,15,0
"F",8.36776467792431,4306,16,0
"F",8.74001669151952,6248,17,0
"F",8.58298093195424,5340,18,0
"F",8.43663368355782,4613,19,0
"F",8.70450228972123,6030,20,0
"F",8.46358142196759,4739,21,0
"F",8.70682132339263,6044,22,0
"F",8.51137630609467,4971,21,0
"F",8.96865090337487,7853,20,0
"F",8.43988008831357,4628,19,0
"F",8.22496747891458,3733,18,0
"F",8.75179089277556,6322,17,0
"F",8.53915035876828,5111,16,0
"F",8.89877535906107,7323,15,0
"F",8.69533937679971,5975,14,0
"F",8.70913499158718,6058,13,0
"F",8.94611437556074,7678,12,0
"F",7.67368812926773,2151,11,0
"F",7.83794891602528,2535,10,0
"F",7.79893331004122,2438,9,0
"F",7.95296679092313,2844,8,0
"F",7.63675211243578,2073,7,0
"F",7.92948652331429,2778,8,0
"F",7.96032362914884,2865,9,0
"F",7.91753635394363,2745,10,0
"F",8.42704964156327,4569,11,0
"F",8.83083536553755,6842,12,0
"F",8.3999849905107,4447,13,0
"F",8.74273386733017,6265,14,0
"F",8.76826314537129,6427,15,0
"F",8.59932602095476,5428,16,0
"F",8.52317526309379,5030,15,0
"F",8.73488189204748,6216,14,0
"F",8.59692815943509,5415,13,0
"F",8.77322978603247,6459,12,0
"F",8.76577054398726,6411,11,0
"F",8.59025776227324,5379,10,0
"F",8.67880170661265,5877,9,0
"F",8.18367658262066,3582,8,0
"F",7.80832305039106,2461,7,0
"F",8.41869794466714,4531,6,0
"F",7.75018416225784,2322,5,0
"F",7.80506704425849,2453,4,0
"F",7.76387128782022,2354,3,0
"F",8.25192471380136,3835,2,0
"F",7.76344638872736,2353,1,0
"F",8.25686684897431,3854,19,0
"F",8.3719361787591,4324,18,0
"F",8.30844552038576,4058,17,0
"F",8.63550941823428,5628,16,0
"F",8.72615667915661,6162,15,0
"F",8.59822003005861,5422,14,0
"F",8.47532898731754,4795,13,0
"F",8.5016733797582,4923,12,0
"F",8.73889570493404,6241,11,0
"F",8.22040309993373,3716,10,0
"F",8.72955886955857,6183,9,0
"F",7.70481192293259,2219,8,0
"F",7.65207074611648,2105,7,0
"F",7.7591874385078,2343,6,0
"F",7.82124208352356,2493,5,0
"F",8.59396903021829,5399,4,0
"F",7.67415292128168,2152,3,0
"F",8.08764028777898,3254,2,0
"F",7.78364059622125,2401,1,0
"F",8.21256839823415,3687,0,0
"F",7.54538974961182,1892,0,0
"F",7.74196789982069,2303,0,0
"F",7.85515700588134,2579,0,0
"F",7.78945456608667,2415,0,0
"F",8.28096440055337,3948,0,0
"F",7.55903825544338,1918,0,0
"F",7.56216163122565,1924,0,0
"F",7.6246189861594,2048,0,0
"F",7.69666708152646,2201,0,0
"F",7.6657534318617,2134,0,0
"F",8.26462082941122,3884,1,0
"F",7.51914995766982,1843,2,0
"F",7.61726781362835,2033,3,0
"F",7.39203156751459,1623,4,0
"F",7.79688034278352,2433,5,0
"F",7.58426481838906,1967,6,0
"F",7.84345640437612,2549,7,0
"F",7.80261806344267,2447,8,0
"F",7.5740450053722,1947,9,0
"F",7.61628356158038,2031,10,0
"F",7.92948652331429,2778,11,0
"F",8.05642676752298,3154,12,0
"F",7.96762673933382,2886,13,0
"F",8.52833093582669,5056,14,0
"F",8.25919936266628,3863,15,0
"F",8.28903709827848,3980,16,0
"F",8.41138813251926,4498,17,0
"F",8.27461194620955,3923,18,0
"F",8.85051762174672,6978,19,0
"F",8.5650305208304,5245,18,0
"F",8.52456594574565,5037,17,0
"F",8.47491179915963,4793,16,0
"F",8.47782846789396,4807,15,0
"F",8.25686684897431,3854,14,0
"F",8.54675199365778,5150,13,0
"F",8.60079877527103,5436,12,0
"F",8.52456594574565,5037,11,0
"F",8.83083536553755,6842,10,0
"F",7.97143099776935,2897,9,0
"F",7.89543600694297,2685,8,0
"F",7.69848278788095,2205,7,0
"F",7.97418866928601,2905,6,0
"F",7.91132401896335,2728,5,0
"F",7.81601383915903,2480,4,0
"F",7.68799716639302,2182,3,0
"F",7.80220931624712,2446,2,0
"F",7.722677516468,2259,1,0
"F",7.66996199547358,2143,2,0
"F",7.96102146588337,2867,3,0
"F",7.84031298332016,2541,4,0
"F",7.76556908109732,2358,5,0
"F",7.80220931624712,2446,6,0
"F",7.78821155784708,2412,7,0
"F",7.69757534680234,2203,8,0
"F",8.31238059678675,4074,9,0
"F",7.69165682281055,2190,10,0
"F",8.38640090116621,4387,11,0
"F",7.65396918047877,2109,12,0
"F",8.526351129201,5046,13,0
"F",8.65747673686329,5753,14,0
"F",8.68304655550289,5902,15,0
"F",8.13914867888407,3426,16,0
"F",8.34188696951619,4196,17,0
"F",8.59526472683639,5406,18,0
"F",8.47261414801827,4782,17,0
"F",8.43489794868941,4605,16,0
"F",8.41405243249672,4510,15,0
"F",8.37953902611744,4357,14,0
"F",8.71653573254449,6103,13,0
"F",8.39457347786833,4423,12,0
"F",8.4448375292241,4651,11,0
"F",8.43554920237573,4608,10,0
"F",8.40893960597598,4487,9,0
"F",8.24590926477409,3812,8,0
"F",8.00369733909437,2992,7,0
"F",7.79729127354747,2434,6,0
"F",7.69302574841789,2193,5,0
"F",7.70526247486633,2220,4,0
"F",7.71646080017636,2245,3,0
"F",7.54960916515453,1900,2,0
"F",7.88608140177575,2660,3,0
"F",7.58984151218266,1978,4,0
"F",7.73280753042202,2282,5,0
"F",7.71779621101358,2248,6,0
"F",7.67089483136212,2145,7,0
"F",7.74022952476318,2299,8,0
"F",7.71690613529839,2246,9,0
"F",8.61050136854989,5489,10,0
"F",8.24170315972982,3796,11,0
"F",7.95155933115525,2840,12,0
"F",7.58273848891441,1964,13,0
"F",8.36450810375059,4292,14,0
"F",8.26744895830485,3895,15,0
"F",8.13593277200489,3415,16,0
"F",8.37999795223839,4359,17,0
"F",8.4848765899397,4841,18,0
"F",8.55429627936774,5189,19,0
"F",8.68794811183873,5931,20,0
"F",8.69332898912311,5963,21,0
"F",8.51719319141624,5000,22,0
"F",8.39728289474368,4435,21,0
"F",8.8305430106166,6840,20,0
"F",8.72761617832107,6171,19,0
"F",8.44376191333035,4646,18,0
"F",8.78247626892454,6519,17,0
"F",8.56464913257253,5243,16,0
"F",8.66699155650463,5808,15,0
"F",8.33351070898294,4161,14,0
"F",8.45977592054629,4721,13,0
"F",8.34806422840827,4222,12,0
"F",8.61938870373091,5538,11,0
"F",8.56407677731509,5240,10,0
"F",8.49351506406166,4883,9,0
"F",8.20903626577507,3674,8,0
"F",7.92117272158701,2755,7,0
"F",7.89655270164304,2688,6,0
"F",7.6685611080159,2140,5,0
"F",8.08917567883756,3259,4,0
"F",7.68202151082687,2169,3,0
"F",7.83042561782033,2516,2,0
"F",7.743269700829,2306,1,0
"F",7.99665387546261,2971,0,0
"F",7.60936653795421,2017,0,0
"F",7.63723438878947,2074,0,0
"F",7.75319426988434,2329,0,0
"F",7.70255611326858,2214,0,0
"F",7.71912984090673,2251,0,0
"F",8.32796785830549,4138,1,0
"F",7.90728360942635,2717,2,0
"F",8.21878715560148,3710,3,0
"F",8.04109100370863,3106,4,0
"F",7.94909149983052,2833,5,0
"F",8.06495089174914,3181,6,0
"F",7.79028238070348,2417,7,0
"F",7.64444076155657,2089,8,0
"F",7.68017564043659,2165,9,0
"F",8.42507790250843,4560,10,0
"F",8.11939858961229,3359,11,0
"F",7.85438121065236,2577,12,0
"F",8.11761074646623,3353,13,0
"F",8.35772841676521,4263,14,0
"F",8.49371983523059,4884,15,0
"F",8.43620003220671,4611,16,0
"F",8.21066803116298,3680,17,0
"F",8.61758136544751,5528,18,0
"F",8.50694081495189,4949,19,0
"F",8.39547743273214,4427,20,0
"F",8.489616423646,4864,21,0
"F",8.72988228482659,6185,22,0
"F",8.38320455141292,4373,23,0
"F",8.44848599340645,4668,22,0
"F",8.26359043261732,3880,21,0
"F",8.6376393444921,5640,20,0
"F",8.50329708622413,4931,19,0
"F",8.31605572036464,4089,18,0
"F",8.45914025996762,4718,17,0
"F",8.65172408437384,5720,16,0
"F",8.66008067896479,5768,15,0
"F",8.67948209445996,5881,14,0
"F",8.72029728739272,6126,13,0
"F",8.58932778917544,5374,12,0
"F",8.71440336070394,6090,11,0
"F",8.5039052970893,4934,10,0
"F",8.6427680143243,5669,9,0
"F",7.76937860951398,2367,8,0
"F",7.63867982387611,2077,7,0
"F",7.55642796944025,1913,6,0
"F",8.29279885820037,3995,5,0
"F",7.64491934495886,2090,4,0
"F",7.98412195870293,2934,3,0
"F",7.68662133494462,2179,2,0
"F",8.04398443122155,3115,1,0
"F",7.79729127354747,2434,0,0
"F",7.68753876620163,2181,0,0
"F",7.67878899819915,2162,0,0
"F",7.65302041380419,2107,0,0
"F",7.76895604453833,2366,0,0
"F",7.94944442025063,2834,1,0
"F",7.80994708647679,2465,2,0
"F",7.6889133368648,2184,3,0
"F",7.70481192293259,2219,4,0
"F",7.71333788887187,2238,5,0
"F",7.96519829061218,2879,6,0
"F",7.95752740223077,2857,7,0
"F",7.92226105835325,2758,8,0
"F",7.98173328669189,2927,9,0
"F",7.69848278788095,2205,10,0
"F",8.19422930481982,3620,11,0
"F",8.31849832050434,4099,12,0
"F",8.46821300919452,4761,13,0
"F",8.13622555490846,3416,14,0
"F",8.65347080970879,5730,15,0
"F",8.75809807230909,6362,16,0
"F",8.66974258987652,5824,17,0
"F",8.51499076786104,4989,18,0
"F",8.27308133366583,3917,19,0
"F",8.25452888193974,3845,20,0
"F",7.56112158953024,1922,5,1
"F",7.73805229768932,2294,6,1
"F",7.88608140177575,2660,7,1
"F",8.02518932189084,3057,8,1
"F",8.2534880283459,3841,9,1
"F",8.321664807135,4112,10,1
"F",8.21662849313344,3702,11,1
"F",8.22684089040858,3740,12,1
"F",8.59267165259214,5392,13,1
"F",8.46294817656384,4736,14,1
"F",8.70896990698095,6057,15,1
"F",8.85623355614316,7018,16,1
"F",8.51358669582213,4982,17,1
"F",8.77847995250849,6493,18,1
"F",8.35302584520232,4243,19,1
"F",8.50431056558522,4936,18,1
"F",8.28526113406895,3965,17,1
"F",8.20958048347558,3676,16,1
"F",8.81818627792769,6756,15,1
"F",8.83608319099221,6878,14,1
"F",8.51137630609467,4971,13,1
"F",8.60940767540405,5483,12,1
"F",8.45786772533142,4712,11,1
"F",8.44677072711969,4660,10,1
"F",8.15190987294091,3470,9,1
"F",8.1371033896393,3419,8,1
"F",7.70029520342012,2209,7,1
"F",8.22977775008189,3751,6,1
"F",8.04334217044161,3113,5,1
"F",7.69484807238461,2197,4,1
"F",7.79276172081653,2423,3,1
"F",7.69256964806791,2192,2,1
"F",7.75190533307861,2326,1,1
"F",7.69712131728263,2202,2,1
"F",7.70751219460034,2225,3,1
"F",7.68662133494462,2179,4,1
"F",7.73892375743946,2296,5,1
"F",8.17667277194846,3557,6,1
"F",7.72046169459972,2254,7,1
"F",7.77443551030296,2379,8,1
"F",7.83676478326407,2532,9,1
"F",7.93200315236138,2785,10,1
"F",8.33014046024638,4147,11,1
"F",8.64628976475065,5689,12,1
"F",8.61341204915678,5505,13,1
"F",8.54032360880509,5117,14,1
"F",8.4595640785796,4720,15,1
"F",8.71456755083648,6091,16,1
"F",8.45041215772589,4677,15,1
"F",8.64206217346211,5665,14,1
"F",8.57922858233569,5320,13,1
"F",8.48218758221742,4828,12,1
"F",8.44784311328144,4665,11,1
"F",8.53817159780143,5106,10,1
"F",8.53679972105516,5099,9,1
"F",8.46252579007393,4734,8,1
"F",7.81359155295243,2474,7,1
"F",7.76811037852599,2364,6,1
"F",7.78197323443438,2397,5,1
"F",7.68845535654994,2183,4,1
"F",7.8046592970561,2452,3,1
"F",7.69984240739699,2208,4,1
"F",7.65349490966125,2108,5,1
"F",7.9208096792886,2754,6,1
"F",7.70526247486633,2220,7,1
"F",8.36892517474713,4311,8,1
"F",7.95402108727804,2847,9,1
"F",7.83161727635261,2519,10,1
"F",7.84971375760487,2565,11,1
"F",8.53758388106397,5103,12,1
"F",8.42046200245647,4539,13,1
"F",8.2534880283459,3841,14,1
"F",8.29754352935628,4014,15,1
"F",8.15133333790043,3468,16,1
"F",8.8305430106166,6840,15,1
"F",7.56060116276856,1921,8,1
"F",8.39840965542627,4440,9,1
"F",7.59488438721652,1988,10,1
"F",8.08671792030391,3251,11,1
"F",7.79605797431612,2431,12,1
"F",8.58354257195777,5343,13,1
"F",8.26873183211774,3900,14,1
"F",8.36124088964235,4278,15,1
"F",8.90381521172292,7360,16,1
"F",8.59711281459211,5416,17,1
"F",8.26075135470051,3869,16,1
"F",8.50187648730434,4924,15,1
"F",8.09559870137819,3280,14,1
"F",7.88833450073865,2666,13,1
"F",8.36590507720246,4298,12,1
"F",8.44311598801992,4643,11,1
"F",7.7397944584087,2298,10,1
"F",7.8804263442924,2645,9,1
"F",7.68340368105383,2172,8,1
"F",7.67136092319064,2146,7,1
"F",7.48436864328613,1780,6,1
"F",7.66809370908241,2139,7,1
"F",7.54591815120932,1893,8,1
"F",7.55118686729615,1903,9,1
"F",7.63530388625941,2070,10,1
"F",7.82204400818562,2495,11,1
"F",8.1978140322212,3633,12,1
"F",8.155649270366,3483,13,1
"F",8.45467928602699,4697,14,1
"F",8.44268513924118,4641,15,1
"F",8.38183155348556,4367,16,1
"F",8.54869185847561,5160,17,1
"F",8.49125980938973,4872,18,1
"F",8.6628507638386,5784,19,1
"F",8.69550672681265,5976,20,1
"F",8.49739856408806,4902,21,1
"F",8.46252579007393,4734,22,1
"F",8.61250337122056,5500,23,1
"F",8.71669957296429,6104,22,1
"F",8.51479030679993,4988,21,1
"F",8.56369502506766,5238,20,1
"F",8.648045999835,5699,19,1
"F",8.60904284504612,5481,18,1
"F",8.46653127661401,4753,17,1
"F",8.47345026846832,4786,16,1
"F",8.72777821348305,6172,15,1
"F",8.46632086104248,4752,14,1
"F",8.34640487043596,4215,13,1
"F",8.00869818298853,3007,12,1
"F",8.18841130807903,3599,11,1
"F",7.71467747380093,2241,10,1
"F",7.58528107863913,1969,9,1
"F",7.72885582385254,2273,8,1
"F",7.69028602067677,2187,7,1
"F",7.62997570702779,2059,6,1
"F",7.5595594960077,1919,7,1
"F",7.62413058566129,2047,8,1
"F",7.70300768247924,2215,9,1
"F",7.92840602618053,2775,10,1
"F",7.73193072194849,2280,11,1
"F",7.9355873855892,2795,12,1
"F",8.45659356928731,4706,13,1
"F",8.42595471098197,4564,14,1
"F",8.53856321715243,5108,15,1
"F",8.7340771925593,6211,16,1
"F",8.26281693767093,3877,17,1
"F",8.34283980427146,4200,16,1
"F",7.97693875695943,2913,15,1
"F",8.42398080969406,4555,14,1
"F",8.54733434832822,5153,13,1
"F",8.67675776108758,5865,12,1
"F",8.71259548774872,6079,11,1
"F",8.22147894726719,3720,10,1
"F",8.36590507720246,4298,9,1
"F",7.72488843932307,2264,8,1
"F",7.69530313496357,2198,7,1
"F",8.07246736935477,3205,6,1
"F",7.74413662762799,2308,5,1
"F",7.75190533307861,2326,4,1
"F",7.77064523412918,2370,3,1
"F",8.32239411311117,4115,2,1
"F",7.78364059622125,2401,1,1
"F",7.74022952476318,2299,0,1
"F",7.6980291702728,2204,0,1
"F",7.60936653795421,2017,0,1
"F",7.78447323573647,2403,0,1
"F",7.67368812926773,2151,1,1
"F",8.1969879272589,3630,2,1
"F",7.71601526664259,2244,3,1
"F",7.434847875212,1694,4,1
"F",7.69575799055476,2199,5,1
"F",7.83042561782033,2516,6,1
"F",7.66528471847135,2133,7,1
"F",7.5923661285198,1983,8,1
"F",7.72312009226633,2260,9,1
"F",7.86672228513673,2609,10,1
"F",7.73587031995257,2289,11,1
"F",8.1056094022999,3313,12,1
"F",8.41626727282628,4520,13,1
"F",8.42068229103539,4540,14,1
"F",8.47407690034261,4789,15,1
"F",8.3719361787591,4324,16,1
"F",8.39976009452414,4446,17,1
"F",8.41935983106747,4534,16,1
"F",8.19090888118251,3608,15,1
"F",8.32820949174873,4139,14,1
"F",8.44998444172279,4675,13,1
"F",8.15306194680105,3474,12,1
"F",8.12207437536222,3368,11,1
"F",8.13914867888407,3426,10,1
"F",7.73105314400713,2278,9,1
"F",7.97693875695943,2913,8,1
"F",7.63336964967958,2066,7,1
"F",7.71467747380093,2241,6,1
"F",7.87511928104029,2631,5,1
"F",7.4899708988348,1790,6,1
"F",7.79811262882979,2436,7,1
"F",7.75362354655975,2330,8,1
"F",7.81561053203519,2479,9,1
"F",7.73105314400713,2278,10,1
"F",7.69439280262942,2196,11,1
"F",7.92334821193015,2761,12,1
"F",8.32482129876878,4125,13,1
"F",8.37493814383537,4337,14,1
"F",8.53601494565683,5095,15,1
"F",8.44548234386224,4654,16,1
"F",8.64979915596426,5709,17,1
"F",8.29404964010203,4000,18,1
"F",8.63568708546403,5629,19,1
"F",8.48198043566049,4827,20,1
"F",8.42244285487043,4548,19,1
"F",8.52555810774787,5042,18,1
"F",8.85851081303393,7034,17,1
"F",8.41227702146668,4502,16,1
"F",8.46547875572956,4748,15,1
"F",8.38685668968823,4389,14,1
"F",8.37355374121463,4331,13,1
"F",8.06463647577422,3180,12,1
"F",8.05674377497531,3155,11,1
"F",7.79852305362521,2437,10,1
"F",7.79852305362521,2437,9,1
"F",7.67878899819915,2162,8,1
"F",7.66902828858968,2141,7,1
"F",7.59940133341582,1997,6,1
"F",7.72134861261795,2256,7,1
"F",7.70841066725737,2227,8,1
"F",7.73149202924568,2279,9,1
"F",7.8808043446749,2646,10,1
"F",7.75833346749091,2341,11,1
"F",7.74500280351584,2310,12,1
"F",7.90174751852014,2702,13,1
"F",8.15334975799889,3475,14,1
"F",8.34924780056679,4227,15,1
"F",8.41670965283791,4522,16,1
"F",8.23695004806146,3778,17,1
"F",8.47762041629641,4806,18,1
"F",8.42178300661158,4545,19,1
"F",8.73069036567864,6190,20,1
"F",8.43337670532313,4598,21,1
"F",8.61703852638595,5525,22,1
"F",8.30523682949259,4045,21,1
"F",8.5440298453698,5136,20,1
"F",8.80101783354071,6641,19,1
"F",8.85537824604113,7012,18,1
"F",8.72566970568704,6159,17,1
"F",8.59341321732765,5396,16,1
"F",8.23509549725836,3771,15,1
"F",8.49943646982698,4912,14,1
"F",8.26333266743997,3879,13,1
"F",8.40626163070896,4475,12,1
"F",8.46716225781067,4756,11,1
"F",8.39366870513074,4419,10,1
"F",7.87207397986687,2623,9,1
"F",7.87245515006398,2624,8,1
"F",7.70391020961631,2217,7,1
"F",7.72090525193678,2255,6,1
"F",7.60638738977265,2011,5,1
"F",7.63723438878947,2074,6,1
"F",7.68478394352278,2175,7,1
"F",7.81963630236759,2489,8,1
"F",7.61283103040736,2024,9,1
"F",7.5595594960077,1919,10,1
"F",7.80669637252118,2457,11,1
"F",8.33254893925264,4157,12,1
"F",8.58541243039338,5353,13,1
"F",8.45680604140114,4707,14,1
"F",8.1969879272589,3630,15,1
"F",8.66578559546606,5801,16,1
"F",8.27308133366583,3917,15,1
"F",8.47010158388239,4770,14,1
"F",8.38708450606922,4390,13,1
"F",8.61122983334262,5493,12,1
"F",8.52734152246805,5051,11,1
"F",8.44998444172279,4675,10,1
"F",8.66163979578127,5777,9,1
"F",7.8407064517494,2542,8,1
"F",7.68570306123455,2177,7,1
"F",7.83439230291044,2526,6,1
"F",7.94129557090653,2811,5,1
"F",7.8804263442924,2645,4,1
"F",7.59890045687141,1996,5,1
"F",7.70571282389443,2221,6,1
"F",7.67322312112171,2150,7,1
"F",8.19505769089508,3623,8,1
"F",7.52994337060159,1863,9,1
"F",7.72046169459972,2254,10,1
"F",7.63094658089046,2061,11,1
"F",7.95014988765202,2836,12,1
"F",8.34093322600088,4192,13,1
"F",8.41670965283791,4522,14,1
"F",8.37401542173991,4333,15,1
"F",8.17807746384961,3562,16,1
"F",8.57866451350434,5317,17,1
"F",8.0245348716057,3055,16,1
"F",8.37539918579835,4339,15,1
"F",8.06808962627824,3191,14,1
"F",8.60538720215215,5461,13,1
"F",8.10772006191053,3320,12,1
"F",8.4189186221479,4532,11,1
"F",8.16735198705607,3524,10,1
"F",8.28576542051433,3967,9,1
"F",7.81762544305337,2484,8,1
"F",8.24275634571448,3800,7,1
"F",7.83320394864106,2523,6,1
"F",7.69256964806791,2192,5,1
"F",7.63046126178363,2060,4,1
"F",7.6515955738576,2104,3,1
"F",7.67368812926773,2151,2,1
"F",7.5522372875608,1905,3,1
"F",7.75491027202143,2333,4,1
"F",7.74413662762799,2308,5,1
"F",7.68294316987829,2171,6,1
"F",7.63385355968177,2067,7,1
"F",7.82923253754359,2513,8,1
"F",7.68982866873648,2186,9,1
"F",7.83201418050547,2520,10,1
"F",7.85593219971861,2581,11,1
"F",8.30647216010058,4050,12,1
"F",8.38022733634308,4360,13,1
"F",8.58988587680968,5377,14,1
"F",8.50592999913753,4944,15,1
"F",8.56693528331105,5255,16,1
"F",8.41582469702795,4518,17,1
"F",8.40514368760761,4470,16,1
"F",8.79209392950328,6582,15,1
"F",8.34283980427146,4200,14,1
"F",8.31971738685061,4104,13,1
"F",8.27817429094374,3937,12,1
"F",8.10046489102936,3296,11,1
"F",7.68524360797583,2176,10,1
"F",7.61035761831284,2019,9,1
"F",7.55903825544338,1918,8,1
"F",7.60240133566582,2003,7,1
"F",7.53101633207792,1865,6,1
"F",7.68109900153636,2167,7,1
"F",7.64156444126097,2083,8,1
"F",7.69893619981345,2206,9,1
"F",7.86211221166275,2597,10,1
"F",7.58273848891441,1964,11,1
"F",8.35537989525363,4253,12,1
"F",8.46189187563115,4731,13,1
"F",8.21878715560148,3710,14,1
"F",8.0381891799732,3097,15,1
"F",8.3250636936312,4126,16,1
"F",8.34995727204032,4230,17,1
"F",8.28828304520769,3977,18,1
"F",8.3774712482411,4348,19,1
"F",8.37562962709445,4340,20,1
"F",8.321664807135,4112,21,1
"F",8.2725706084249,3915,20,1
"F",8.53640741034004,5097,19,1
"F",8.45041215772589,4677,18,1
"F",8.47657950853094,4801,17,1
"F",8.68236858937522,5898,16,1
"F",8.3742461820963,4334,15,1
"F",8.4906438561827,4869,14,1
"F",8.41825644355621,4529,13,1
"F",8.41493895737748,4514,12,1
"F",7.88908440703551,2668,11,1
"F",8.33038156934942,4148,10,1
"F",7.75319426988434,2329,9,1
"F",8.29204763743135,3992,8,1
"F",7.73892375743946,2296,7,1
"F",7.60986220091355,2018,6,1
"F",7.69120009752286,2189,5,1
"F",7.70751219460034,2225,4,1
"F",7.69848278788095,2205,3,1
"F",7.93666015522543,2798,4,1
"F",7.77737360265786,2386,5,1
"F",7.55485852104068,1910,6,1
"F",7.65964295456468,2121,7,1
"F",7.69302574841789,2193,8,1
"F",7.81520706218909,2478,9,1
"F",7.743269700829,2306,10,1
"F",7.93701748951545,2799,11,1
"F",8.35983738064003,4272,12,1
"F",8.23456499326713,3769,13,1
"F",8.23695004806146,3778,14,1
"F",8.50673873351238,4948,15,1
"F",8.55178783618074,5176,16,1
"F",8.16876982367527,3529,17,1
"F",8.4721958254855,4780,18,1
"F",8.56197533418813,5229,19,1
"F",8.32845106681936,4140,18,1
"F",8.50895938648913,4959,17,1
"F",8.31139827843664,4070,16,1
"F",8.62209360124161,5553,15,1
"F",8.58091888229678,5329,14,1
"F",8.46315930292375,4737,13,1
"F",8.43706714693695,4615,12,1
"F",8.35019365072007,4231,11,1
"F",8.22067217029725,3717,10,1
"F",7.94626364358054,2825,9,1
"F",7.67322312112171,2150,8,1
"F",8.13241267450091,3403,7,1
"F",7.57455848420248,1948,6,1
"F",7.64300363556072,2086,5,1
"F",7.70436116791031,2218,4,1
"F",7.66434663209862,2131,3,1
"F",7.70255611326858,2214,2,1
"F",7.6515955738576,2104,3,1
"F",7.70029520342012,2209,4,1
"F",7.57814547241947,1955,5,1
"F",7.60439634879634,2007,6,1
"F",7.62413058566129,2047,7,1
"F",7.55013534248843,1901,8,1
"F",8.29129585190541,3989,9,1
"F",7.61233683716775,2023,10,1
"F",7.8815599170569,2648,11,1
"F",7.7106533235012,2232,12,1
"F",8.44934252450806,4672,13,1
"F",8.29079434738136,3987,14,1
"F",8.22469956196723,3732,15,1
"F",8.64628976475065,5689,16,1
"F",8.53464010501996,5088,17,1
"F",8.37401542173991,4333,18,1
"F",8.39321601159653,4417,19,1
"F",8.38206051742474,4368,20,1
"F",8.49943646982698,4912,21,1
"F",8.57073395834427,5275,22,1
"F",8.48466999971068,4840,23,1
"F",8.40760151478614,4481,24,1
"F",8.62101252005523,5547,24,1
"F",8.65102453904976,5716,24,1
"F",8.41958036254924,4535,24,1
"F",8.65956043270316,5765,23,1
"F",8.56883642456808,5265,22,1
"F",8.58541243039338,5353,21,1
"F",8.29454951514368,4002,20,1
"F",8.55120807000351,5173,19,1
"F",8.62065189978447,5545,18,1
"F",8.49392456447688,4885,17,1
"F",8.52118521268578,5020,16,1
"F",8.75194905805861,6323,15,1
"F",8.74257423767064,6264,14,1
"F",8.58372971521648,5344,13,1
"F",8.32772616646141,4137,12,1
"F",8.58298093195424,5340,11,1
"F",8.53089883847235,5069,10,1
"F",7.79564653633459,2430,9,1
"F",7.77275271646874,2375,8,1
"F",7.71868549519847,2250,7,1
"F",7.61035761831284,2019,6,1
"F",7.66105638236183,2124,5,1
"F",7.70571282389443,2221,6,1
"F",7.56060116276856,1921,7,1
"F",7.58629630715272,1971,8,1
"F",7.67089483136212,2145,9,1
"F",7.65775527113487,2117,10,1
"F",7.61775957660851,2034,11,1
"F",7.78155595923534,2396,12,1
"F",8.19035440376326,3606,13,1
"F",8.63852547658376,5645,14,1
"F",8.52317526309379,5030,15,1
"F",8.42310226801664,4551,16,1
"F",8.52098598965493,5019,17,1
"F",8.47324130388705,4785,16,1
"F",8.51779301148821,5003,15,1
"F",8.46968220874519,4768,14,1
"F",8.55256033525353,5180,13,1
"F",8.57565076098781,5301,12,1
"F",8.37632063253482,4343,11,1
"F",7.93666015522543,2798,10,1
"F",8.36240897761537,4283,9,1
"F",7.80832305039106,2461,8,1
"F",7.62168499872461,2042,7,1
"F",7.77401507725073,2378,6,1
"F",7.65728279297819,2116,5,1
"F",7.76131918094799,2348,4,1
"F",7.73543335249969,2288,5,1
"F",7.75662333453886,2337,6,1
"F",7.70255611326858,2214,7,1
"F",7.71020519443253,2231,8,1
"F",7.85399308722424,2576,9,1
"F",7.66809370908241,2139,10,1
"F",8.26049285657318,3868,11,1
"F",8.41913925094085,4533,12,1
"F",8.30647216010058,4050,13,1
"F",8.40581460343285,4473,14,1
"F",8.30696586536857,4052,15,1
"F",8.52833093582669,5056,16,1
"F",8.7340771925593,6211,17,1
"F",8.37770121259764,4349,18,1
"F",8.48611523584538,4847,19,1
"F",8.45041215772589,4677,20,1
"F",8.72339402200014,6145,19,1
"F",8.36520683441836,4295,18,1
"F",8.70400465348304,6027,17,1
"F",8.55410354543633,5188,16,1
"F",8.22013395715186,3715,15,1
"F",8.57281709516423,5286,14,1
"F",8.52237971810354,5026,13,1
"F",8.18339736999843,3581,12,1
"F",8.63639743889471,5633,11,1
"F",8.34877453979127,4225,10,1
"F",8.67317077287059,5844,9,1
"F",7.87511928104029,2631,8,1
"F",7.79110951061003,2419,7,1
"F",7.76895604453833,2366,6,1
"F",7.66011431917393,2122,5,1
"F",7.7341213033283,2285,4,1
"F",8.20958048347558,3676,5,1
"I",8.97170239970333,7877,23,0
"I",8.84505705350085,6940,22,0
"I",8.81700144366586,6748,21,0
"I",8.76358440945014,6397,20,0
"I",8.62065189978447,5545,19,0
"I",8.54286093816481,5130,18,0
"I",8.3654396361887,4296,17,0
"I",8.61504559158374,5514,16,0
"I",8.71669957296429,6104,15,0
"I",8.70996000607173,6063,14,0
"I",8.66475075577385,5795,13,0
"I",8.74065669154137,6252,12,0
"I",8.79618763547045,6609,11,0
"I",9.05134464048573,8530,10,0
"I",8.76872981723167,6430,9,0
"I",8.60245303536706,5445,8,0
"I",8.71391062849392,6087,7,0
"I",7.49942329059223,1807,6,0
"I",8.55756708555451,5206,5,0
"I",8.43858279083433,4622,4,0
"I",8.60739945930239,5472,3,0
"I",7.40123126441302,1638,2,0
"I",7.59387784460512,1986,1,0
"I",7.54433210805369,1890,0,0
"I",7.57147364885127,1942,0,0
"I",7.70796153183549,2226,0,0
"I",7.73280753042202,2282,1,0
"I",8.59470963384407,5403,2,0
"I",8.66509582133973,5797,3,0
"I",8.12799505577195,3388,4,0
"I",8.74193546409414,6260,5,0
"I",8.40335237499248,4462,6,0
"I",8.52813313145457,5055,7,0
"I",8.60593640125063,5464,8,0
"I",7.59337419312129,1985,9,0
"I",7.55747290161475,1915,10,0
"I",7.7621706071382,2350,11,0
"I",7.50384074669895,1815,12,0
"I",7.8659554139335,2607,13,0
"I",8.41272116981953,4504,14,0
"I",8.40603814205008,4474,15,0
"I",8.57527340249276,5299,16,0
"I",8.52257866369258,5027,17,0
"I",8.71735466633852,6108,18,0
"I",8.77801780969814,6490,19,0
"I",8.78124833323686,6511,20,0
"I",8.36776467792431,4306,21,0
"I",8.70300863746445,6021,22,0
"I",8.54888563814873,5161,23,0
"I",8.67282848294769,5842,24,0
"I",8.77817188103347,6491,24,0
"I",8.489616423646,4864,24,0
"I",8.76295892076673,6393,24,0
"I",8.279189777195,3941,24,0
"I",8.60373779281642,5452,24,0
"I",8.74273386733017,6265,23,0
"I",9.1516513756275,9430,22,0
"I",8.7528975247753,6329,21,0
"I",8.37008432637803,4316,20,0
"I",7.70436116791031,2218,19,0
"I",8.05515773181968,3150,18,0
"I",8.06148686687133,3170,17,0
"I",8.47365918939251,4787,16,0
"I",8.10711747075039,3318,15,0
"I",8.6213730103259,5549,14,0
"I",8.53050420547591,5067,13,0
"I",8.38753998318937,4392,12,0
"I",8.56560233062392,5248,11,0
"I",7.91388671485608,2735,10,0
"I",7.64156444126097,2083,9,0
"I",7.57865685059476,1956,8,0
"I",8.23270600986098,3762,7,0
"I",8.26873183211774,3900,6,0
"I",8.2553088117856,3848,5,0
"I",7.82763954636642,2509,4,0
"I",7.63240112660145,2064,3,0
"I",7.81520706218909,2478,2,0
"I",8.02845516411425,3067,1,0
"I",7.61726781362835,2033,0,0
"I",7.50108212425987,1810,0,0
"I",7.52185925220163,1848,0,0
"I",7.45066079621154,1721,0,0
"I",7.74759683869289,2316,0,0
"I",7.55485852104068,1910,1,0
"I",7.53262361878879,1868,2,0
"I",7.7698009960039,2368,3,0
"I",7.65775527113487,2117,4,0
"I",7.62803112693033,2055,5,0
"I",8.20385137218388,3655,6,0
"I",7.61085279039525,2020,7,0
"I",7.79770203551669,2435,8,0
"I",8.36938899664784,4313,9,0
"I",8.11042723757502,3329,10,0
"I",8.22416351263786,3730,11,0
"I",8.25712628599743,3855,12,0
"I",8.15737044118677,3489,13,0
"I",8.29129585190541,3989,14,0
"I",8.17723488551019,3559,15,0
"I",8.51358669582213,4982,16,0
"I",8.56883642456808,5265,17,0
"I",8.21797820315073,3707,18,0
"I",7.90948949267376,2723,19,0
"I",8.21554741194707,3698,20,0
"I",8.279189777195,3941,21,0
"I",8.90707077618269,7384,22,0
"I",8.97259066827261,7884,23,0
"I",8.87556669199055,7155,24,0
"I",8.57904059474232,5319,24,0
"I",9.05181346374795,8534,23,0
"I",8.81655676864186,6745,22,0
"I",9.13723190015554,9295,21,0
"I",9.0441677169216,8469,20,0
"I",8.79346036105272,6591,19,0
"I",8.69717868841264,5986,18,0
"I",9.09728364968389,8931,17,0
"I",8.79254961417738,6585,15,0
"I",8.7160440501614,6100,14,0
"I",8.84879645092595,6966,13,0
"I",8.55641390456952,5200,12,0
"I",8.69651023918989,5982,11,0
"I",9.14141892650976,9334,10,0
"I",8.17329343896623,3545,9,0
"I",8.47345026846832,4786,8,0
"I",8.44891435066294,4670,7,0
"I",8.97271749939714,7885,6,0
"I",7.46336304552002,1743,5,0
"I",7.83439230291044,2526,4,0
"I",8.24643378616036,3814,3,0
"I",7.87663846097546,2635,2,0
"I",7.59186171488993,1982,1,0
"I",7.67461749736436,2153,0,0
"I",7.74153358928183,2302,0,0
"I",8.1146238864201,3343,0,0
"I",8.24852912480022,3822,0,0
"I",7.91899248816525,2749,0,0
"I",7.5740450053722,1947,0,0
"I",7.67832635650689,2161,0,0
"I",7.41938058291869,1668,0,0
"I",8.41360887515967,4508,0,0
"I",7.75491027202143,2333,0,0
"I",7.69211333959547,2191,0,0
"I",7.54486106865846,1891,0,0
"I",8.1786387885907,3564,0,0
"I",7.68063742756094,2166,0,0
"I",7.97349996402463,2903,0,0
"I",7.68017564043659,2165,0,0
"I",7.56475701290573,1929,0,0
"I",7.64539769942863,2091,0,0
"I",7.52185925220163,1848,0,0
"I",7.53101633207792,1865,0,0
"I",7.57507169950756,1949,1,0
"I",7.5422134631934,1886,2,0
"I",7.59890045687141,1996,3,0
"I",7.87169266432365,2622,4,0
"I",7.59085212368858,1980,5,0
"I",7.52779398772144,1859,6,0
"I",7.54591815120932,1893,7,0
"I",7.68570306123455,2177,8,0
"I",7.53689712956617,1876,9,0
"I",7.81035268372429,2466,10,0
"I",7.78280726283969,2399,11,0
"I",7.5569505720129,1914,12,0
"I",7.84188592898462,2545,13,0
"I",7.82564473221999,2504,14,0
"I",7.86211221166275,2597,15,0
"I",8.51278348292754,4978,16,0
"I",8.22737550683403,3742,17,0
"I",7.74283595543075,2305,18,0
"I",8.37885024179449,4354,19,0
"I",8.16394095475501,3512,20,0
"I",8.33950090300594,4186,21,0
"I",8.25426877009018,3844,22,0
"I",8.34450508359052,4207,23,0
"I",8.43294163896865,4596,24,0
"I",8.49187538343195,4875,24,0
"I",8.66475075577385,5795,24,0
"I",8.59507973007331,5405,24,0
"I",8.64787051505785,5698,24,0
"I",7.64587582518481,2092,1,0
"I",7.60190195987517,2002,2,0
"I",7.61184239958042,2022,3,0
"I",7.41637847919293,1663,4,0
"I",7.4121603349452,1656,5,0
"I",7.38832785957711,1617,6,0
"I",7.40671073017764,1647,7,0
"I",8.1958853913148,3626,8,0
"I",7.71601526664259,2244,9,0
"I",7.71467747380093,2241,10,0
"I",7.57609734062311,1951,11,0
"I",7.76726399675731,2362,12,0
"I",8.12563098847706,3380,13,0
"I",8.45723085024355,4709,14,0
"I",8.82644104178258,6812,15,0
"I",7.83161727635261,2519,16,0
"I",8.09468364869882,3277,17,0
"I",7.86403565907245,2602,18,0
"I",8.86035727332702,7047,19,0
"I",8.53010941668278,5065,20,0
"I",8.37562962709445,4340,21,0
"I",8.37332282099653,4330,22,0
"I",8.27639470486331,3930,23,0
"I",8.34474275441755,4208,24,0
"I",8.26821888006751,3898,23,0
"I",8.26770566476243,3896,22,0
"I",8.29154650988391,3990,21,0
"I",8.70300863746445,6021,20,0
"I",8.54110501146255,5121,19,0
"I",8.23217423638394,3760,18,0
"I",8.47303229563047,4784,17,0
"I",8.29754352935628,4014,15,0
"I",8.22389538017882,3729,14,0
"I",8.38045666784277,4361,13,0
"I",8.24012129807647,3790,12,0
"I",8.0323601479245,3079,11,0
"I",7.69848278788095,2205,10,0
"I",7.44541755670169,1712,9,0
"I",8.05737748855799,3157,8,0
"I",7.4301141385618,1686,7,0
"I",8.14235427684983,3437,6,0
"I",7.54062152865715,1883,5,0
"I",7.48717369421374,1785,4,0
"I",7.82724090175281,2508,3,0
"I",8.0166478770578,3031,2,0
"I",7.50052948539529,1809,1,0
"I",7.73236922228439,2281,0,0
"I",7.53208814354172,1867,0,0
"I",7.43366654016617,1692,0,0
"I",7.79893331004122,2438,0,0
"I",7.5422134631934,1886,0,0
"I",7.73805229768932,2294,0,0
"I",8.29254851397576,3994,0,0
"I",7.9820748750812,2928,0,0
"I",7.96693349840484,2884,0,0
"I",7.7066129139642,2223,0,0
"I",7.6246189861594,2048,0,0
"I",7.69938940625674,2207,0,0
"I",7.4265490723973,1680,0,0
"I",7.91753635394363,2745,0,0
"I",7.71333788887187,2238,0,0
"I",7.82604401351897,2505,0,0
"I",8.73149779406324,6195,24,0
"I",8.68777949199177,5930,23,0
"I",8.50289140670538,4929,22,0
"I",8.31262602567496,4075,21,0
"I",9.02196050059826,8283,20,0
"I",8.44333134281778,4644,19,0
"I",8.41913925094085,4533,18,0
"I",8.46146904264388,4729,17,0
"I",8.48280876455441,4831,16,0
"I",8.47407690034261,4789,15,0
"I",8.2534880283459,3841,14,0
"I",8.53050420547591,5067,13,0
"I",8.2498364854257,3827,12,0
"I",7.86172707782398,2596,11,0
"I",7.52294091807237,1850,10,0
"I",7.45818615734049,1734,9,0
"I",7.46851327149634,1752,8,0
"I",7.61529833982581,2029,7,0
"I",8.00536706731666,2997,6,0
"I",7.35436233042148,1563,5,0
"I",7.44541755670169,1712,4,0
"I",7.55851674304564,1917,3,0
"I",7.40853056689463,1650,2,0
"I",7.51534457118044,1836,1,0
"I",7.57660976697304,1952,2,0
"I",7.84502441724148,2553,3,0
"I",7.92804560087478,2774,4,0
"I",7.69256964806791,2192,5,0
"I",7.83873755959928,2537,6,0
"I",7.5234813125735,1851,7,0
"I",7.84306401669205,2548,8,0
"I",8.14496941708788,3446,9,0
"I",7.59839932932396,1995,10,0
"I",8.16337131645991,3510,11,0
"I",7.67042852219069,2144,12,0
"I",7.72841577984104,2272,13,0
"I",8.31016902198191,4065,14,0
"I",7.88306935130575,2652,15,0
"I",8.277411998949,3934,16,0
"I",7.67275789664251,2149,17,0
"I",8.77105991537329,6445,18,0
"I",8.99367578675968,8052,19,0
"I",8.67863153729377,5876,20,0
"I",8.52357279838028,5032,21,0
"I",8.46737249643228,4757,22,0
"I",8.51418868239594,4985,23,0
"I",8.59433940059289,5401,24,0
"I",8.89699855274382,7310,24,0
"I",8.63586472113374,5630,24,0
"I",9.20412107216227,9938,24,0
"I",8.64664125860312,5691,24,0
"I",8.4595640785796,4720,23,0
"I",8.93642970360832,7604,22,0
"I",8.68845380085077,5934,21,0
"I",8.49678638163858,4899,20,0
"I",8.77755545321306,6487,19,0
"I",9.04192172035122,8450,18,0
"I",8.59248617545167,5391,17,0
"I",8.7533714210009,6332,16,0
"I",8.2445967563825,3807,15,0
"I",8.29679586577005,4011,14,0
"I",8.62515033292133,5570,13,0
"I",8.61974977974133,5540,12,0
"I",8.32579052588609,4129,11,0
"I",8.60557030203365,5462,10,0
"I",8.33471162182092,4166,9,0
"I",7.53743003658651,1877,8,0
"I",7.47873482556787,1770,7,0
"I",7.91095738284559,2727,6,0
"I",7.63675211243578,2073,5,0
"I",7.53529670244409,1873,4,0
"I",7.80588204022862,2455,3,0
"I",8.36217546914963,4282,2,0
"I",7.97418866928601,2905,1,0
"I",7.70841066725737,2227,0,0
"I",7.7873820264847,2410,0,0
"I",7.61923341622681,2037,0,0
"I",7.54750168281497,1896,0,0
"I",7.49498623395053,1799,0,0
"I",7.57763383260273,1954,0,0
"I",7.41517510961329,1661,0,0
"I",8.29804166137157,4016,1,0
"I",7.61677580869837,2032,2,0
"I",7.55903825544338,1918,3,0
"I",8.43272403478979,4595,4,0
"I",7.42535788702715,1678,5,0
"I",7.84619881549743,2556,6,0
"I",6.25575004175337,521,7,0
"I",7.63723438878947,2074,8,0
"I",7.60688453121963,2012,9,0
"I",7.34987370473834,1556,10,0
"I",8.04237800517328,3110,11,0
"I",7.49443021503157,1798,12,0
"I",8.02910705461974,3069,13,0
"I",7.60240133566582,2003,14,0
"I",8.10922495308995,3325,15,0
"I",8.0481491016652,3128,16,0
"I",8.67846133901236,5875,17,0
"I",7.97590836016554,2910,18,0
"I",8.25712628599743,3855,19,0
"I",8.94845599234554,7696,20,0
"I",8.54071438645758,5119,21,0
"I",8.43879912398823,4623,22,0
"I",8.82614739914356,6810,23,0
"I",8.61377528926248,5507,24,0
"I",8.41205487329293,4501,24,0
"I",9.12183697338478,9153,24,0
"I",8.80192090404158,6647,24,0
"I",8.63159273172473,5606,24,0
"I",8.49494758246892,4890,23,0
"I",8.54655780004614,5149,22,0
"I",9.07211225269274,8709,21,0
"I",8.76264602965028,6391,20,0
"I",8.43446354381724,4603,19,0
"I",8.06180227453835,3171,18,0
"I",8.41272116981953,4504,17,0
"I",8.49617382419216,4896,16,0
"I",8.02780284837031,3065,15,0
"I",8.0381891799732,3097,14,0
"I",7.97177612288063,2898,13,0
"I",8.32385113133882,4121,12,0
"I",8.5539107743514,5187,11,0
"I",8.46653127661401,4753,10,0
"I",8.88253050843362,7205,9,0
"I",8.90449432889673,7365,8,0
"I",8.64576229221094,5686,7,0
"I",7.64969262371151,2100,6,0
"I",7.44716835960004,1715,5,0
"I",7.75833346749091,2341,4,0
"I",7.73455884435476,2286,3,0
"I",7.52185925220163,1848,2,0
"I",8.05006542291597,3134,3,0
"I",7.77233157516961,2374,4,0
"I",7.50549227473742,1818,5,0
"I",8.19367666595524,3618,6,0
"I",7.6434829070772,2087,7,0
"I",7.39203156751459,1623,8,0
"I",8.26462082941122,3884,9,0
"I",8.16763571524637,3525,10,0
"I",8.40938523878193,4489,11,0
"I",8.28172399041139,3951,12,0
"I",8.19891444498699,3637,13,0
"I",8.50815244676409,4955,14,0
"I",8.7227428743294,6141,15,0
"I",8.33615081612066,4172,16,0
"I",8.92943528380342,7551,17,0
"I",8.98757175036705,8003,18,0
"I",8.53405030848266,5085,19,0
"I",8.02027047281924,3042,20,0
"I",8.42244285487043,4548,21,0
"I",8.64259160081057,5668,22,0
"I",8.67982211486446,5883,23,0
"I",8.47824444127766,4809,24,0
"I",8.85123390284603,6983,24,0
"I",8.54090971803355,5120,24,0
"I",8.34616759436413,4214,24,0
"I",9.16481985667437,9555,24,0
"I",9.15429898109256,9455,24,0
"I",8.37355374121463,4331,23,0
"I",7.90765159471109,2718,22,0
"I",8.04012466444838,3103,21,0
"I",8.17244681834278,3542,20,0
"I",8.86262516940892,7063,18,0
"I",8.47762041629641,4806,17,0
"I",8.5422759717837,5127,16,0
"I",8.27231514795602,3914,15,0
"I",8.70051424854327,6006,14,0
"I",8.46463594067756,4744,13,0
"I",8.8246778911642,6800,12,0
"I",7.76768727718691,2363,11,0
"I",7.36327958696304,1577,10,0
"I",7.33953769540767,1540,9,0
"I",8.20248244657654,3650,8,0
"I",7.49776170062257,1804,7,0
"I",7.77653502818524,2384,6,0
"I",7.59034694560257,1979,5,0
"I",7.82524529143177,2503,4,0
"I",8.36637030168165,4300,3,0
"I",7.79234892411304,2422,2,0
"I",7.94979721616185,2835,1,0
"I",7.55642796944025,1913,1,1
"I",7.73805229768932,2294,2,1
"I",7.64587582518481,2092,3,1
"I",7.82843635915759,2511,4,1
"I",8.34093322600088,4192,5,1
"I",7.7376162828579,2293,6,1
"I",7.55171221535131,1904,7,1
"I",7.58273848891441,1964,8,1
"I",7.38150189450671,1606,9,1
"I",7.93701748951545,2799,10,1
"I",7.4121603349452,1656,11,1
"I",8.00369733909437,2992,12,1
"I",8.05579245097777,3152,13,1
"I",8.51258257885855,4977,14,1
"I",8.45595588194505,4703,15,1
"I",8.35702443926342,4260,16,1
"I",8.13944052187461,3427,17,1
"I",8.05610965954506,3153,16,1
"I",8.46947245520483,4767,15,1
"I",8.57262789830434,5285,14,1
"I",8.6164953924901,5522,13,1
"I",8.54539184577492,5143,12,1
"I",8.07620452723903,3217,11,1
"I",7.94342776787637,2817,10,1
"I",7.57558465155779,1950,9,1
"I",7.84776253747361,2560,8,1
"I",7.48549160803075,1782,7,1
"I",7.50988306115491,1826,6,1
"I",7.4759059693674,1765,5,1
"I",7.44249272279444,1707,6,1
"I",7.40610338123702,1646,7,1
"I",7.82843635915759,2511,8,1
"I",7.86057078553866,2593,9,1
"I",7.99328232810159,2961,10,1
"I",8.31727776622123,4094,11,1
"I",7.60090245954208,2000,12,1
"I",7.46336304552002,1743,13,1
"I",8.00302866638473,2990,14,1
"I",8.44225410475174,4639,15,1
"I",8.28045768658256,3946,16,1
"I",7.8739783796045,2628,17,1
"I",8.34283980427146,4200,18,1
"I",8.28374674710613,3959,19,1
"I",7.67229245562876,2148,20,1
"I",7.93844555116479,2803,21,1
"I",8.4984180360899,4907,22,1
"I",9.11250701162742,9068,24,1
"I",9.07658038179666,8748,24,1
"I",8.50329708622413,4931,24,1
"I",8.64787051505785,5698,24,1
"I",8.17723488551019,3559,22,1
"I",8.09773057366422,3287,21,1
"I",8.47866024169945,4811,20,1
"I",8.0959035329611,3281,19,1
"I",8.10741881171997,3319,18,1
"I",8.38731227056172,4391,17,1
"I",8.26359043261732,3880,16,1
"I",8.29454951514368,4002,15,1
"I",8.42200300441249,4546,14,1
"I",8.03592636989179,3090,13,1
"I",8.01697774676226,3032,12,1
"I",7.67182679787878,2147,11,1
"I",7.85127199710988,2569,10,1
"I",7.66199755890189,2126,9,1
"I",7.74370325817375,2307,8,1
"I",7.50273821075485,1813,7,1
"I",7.81075811652936,2467,8,1
"I",7.94555542825349,2823,9,1
"I",7.80261806344267,2447,10,1
"I",7.59839932932396,1995,11,1
"I",7.59438124255182,1987,12,1
"I",8.62568878756954,5573,13,1
"I",8.77894188184151,6496,14,1
"I",8.57602797713713,5303,15,1
"I",7.76726399675731,2362,16,1
"I",8.55371796609861,5186,17,1
"I",8.75841238945768,6364,18,1
"I",9.12913031655064,9220,19,1
"I",9.0594011964109,8599,20,1
"I",8.76467807411661,6404,21,1
"I",8.80836915312227,6690,20,1
"I",8.07930819205196,3227,19,1
"I",8.45212119467252,4685,18,1
"I",8.55602921520144,5198,17,1
"I",8.28020423327997,3945,16,1
"I",8.29204763743135,3992,15,1
"I",8.66802408111882,5814,14,1
"I",8.72192834304709,6136,13,1
"I",8.68169016329764,5894,12,1
"I",8.93524541502987,7595,11,1
"I",8.18227973925902,3577,10,1
"I",8.25088114470065,3831,9,1
"I",7.60489448081162,2008,8,1
"I",7.57455848420248,1948,7,1
"I",7.84502441724148,2553,6,1
"I",7.6004023345004,1999,5,1
"I",7.54644627374602,1894,4,1
"I",7.49776170062257,1804,5,1
"I",7.49720722320332,1803,6,1
"I",7.60190195987517,2002,7,1
"I",8.57847641983314,5316,8,1
"I",8.3243363327069,4123,9,1
"I",8.5709235138372,5276,10,1
"I",8.56044423341055,5221,11,1
"I",8.45404037641097,4694,12,1
"I",8.9550609506319,7747,13,1
"I",8.71768205216564,6110,14,1
"I",9.0095696715137,8181,15,1
"I",8.84937050375457,6970,16,1
"I",8.46189187563115,4731,17,1
"I",8.31581113188354,4088,18,1
"I",8.69717868841264,5986,19,1
"I",8.84548923675327,6943,20,1
"I",8.99826039301795,8089,21,1
"I",8.46358142196759,4739,22,1
"I",8.85808422219916,7031,23,1
"I",8.41294317004244,4505,24,1
"I",8.72988228482659,6185,22,1
"I",8.78247626892454,6519,21,1
"I",8.9300972286214,7556,20,1
"I",8.68236858937522,5898,19,1
"I",8.77863395266279,6494,18,1
"I",8.70300863746445,6021,17,1
"I",8.30943074214033,4062,16,1
"I",8.21392359562274,3692,15,1
"I",8.59044365315583,5380,14,1
"I",8.53267276226462,5078,13,1
"I",8.2995345703326,4022,12,1
"I",8.43228868432579,4593,11,1
"I",8.46442512587758,4743,10,1
"I",7.65633716643018,2114,9,1
"I",7.52671756135271,1857,8,1
"I",7.90396563403217,2708,7,1
"I",7.68708015578313,2180,6,1
"I",7.69211333959547,2191,5,1
"I",7.53101633207792,1865,6,1
"I",7.62803112693033,2055,7,1
"I",7.53849499941346,1879,8,1
"I",7.9359451033537,2796,9,1
"I",8.26616443661249,3890,10,1
"I",8.36007143564403,4273,11,1
"I",8.54888563814873,5161,12,1
"I",8.69968140098951,6001,13,1
"I",8.6704291673151,5828,14,1
"I",8.58969988220299,5376,15,1
"I",8.52257866369258,5027,16,1
"I",8.49943646982698,4912,15,1
"I",8.21500643276157,3696,14,1
"I",8.46294817656384,4736,13,1
"I",8.60116662519242,5438,12,1
"I",8.68287710705717,5901,11,1
"I",8.3030093814735,4036,10,1
"I",7.77317368048254,2376,9,1
"I",7.60837447438078,2015,8,1
"I",7.68937110752969,2185,7,1
"I",7.81520706218909,2478,6,1
"I",8.05927622330565,3163,5,1
"I",7.79110951061003,2419,4,1
"I",7.63867982387611,2077,3,1
"I",7.74500280351584,2310,2,1
"I",7.94342776787637,2817,1,1
"I",7.80057265467065,2442,0,1
"I",8.55660619377307,5201,23,1
"I",8.54169066301663,5124,22,1
"I",8.67077227934454,5830,21,1
"I",8.41338702269065,4507,20,1
"I",8.98744678941718,8002,19,1
"I",8.9445502459405,7666,16,1
"I",8.45254799792271,4687,15,1
"I",8.62461158818351,5567,14,1
"I",8.51559191004926,4992,13,1
"I",8.68963274835574,5941,12,1
"I",8.53227882883428,5076,11,1
"I",8.8848872018374,7222,10,1
"I",7.47929963778283,1771,9,1
"I",7.6231530684769,2045,8,1
"I",7.67229245562876,2148,7,1
"I",7.49498623395053,1799,6,1
"I",7.51914995766982,1843,5,1
"I",7.62803112693033,2055,6,1
"I",6.45833828334479,638,7,1
"I",7.5234813125735,1851,8,1
"I",7.75276480885133,2328,9,1
"I",7.89469085042562,2683,10,1
"I",7.73280753042202,2282,11,1
"I",8.39479954320217,4424,12,1
"I",8.48052920704465,4820,13,1
"I",8.05801080080209,3159,14,1
"I",8.77924971622905,6498,15,1
"I",8.56769617358934,5259,16,1
"I",8.7684187268574,6428,17,1
"I",8.54733434832822,5153,18,1
"I",8.39840965542627,4440,19,1
"I",8.74113642290101,6255,16,1
"I",8.69550672681265,5976,15,1
"I",8.57319538153152,5288,14,1
"I",8.58858318750291,5370,13,1
"I",8.71440336070394,6090,12,1
"I",8.65347080970879,5730,10,1
"I",7.73105314400713,2278,9,1
"I",7.74543561027438,2311,8,1
"I",7.85593219971861,2581,7,1
"I",7.55903825544338,1918,6,1
"I",7.5422134631934,1886,5,1
"I",7.56734567601324,1934,6,1
"I",7.56268124672188,1925,7,1
"I",8.22657347497711,3739,8,1
"I",7.67461749736436,2153,9,1
"I",8.8337542234184,6862,10,1
"I",7.94803199063728,2830,11,1
"I",8.05134093329298,3138,12,1
"I",8.51759311143756,5002,13,1
"I",8.27231514795602,3914,14,1
"I",8.20658361432075,3665,15,1
"I",8.39072252736229,4406,16,1
"I",8.29978317194979,4023,17,1
"I",8.78905071352105,6562,18,1
"I",9.0055277773467,8148,19,1
"I",8.4142741374084,4511,20,1
"I",8.89137400948464,7269,21,1
"I",8.27154837475551,3911,22,1
"I",8.33567131479285,4170,23,1
"I",8.85851081303393,7034,24,1
"I",8.11910083763749,3358,24,1
"I",8.4071550862073,4479,24,1
"I",8.83971137870348,6903,24,1
"I",8.43641688138895,4612,24,1
"I",8.25894046298846,3862,24,1
"I",9.16083495207234,9517,24,1
"I",8.80851861878282,6691,24,1
"I",8.59618919764273,5411,24,1
"I",8.64979915596426,5709,24,1
"I",8.2117543973752,3684,24,1
"I",8.52773740529191,5053,24,1
"I",8.61884684514274,5535,24,1
"I",8.4042484324001,4466,24,1
"I",8.65154924391532,5719,24,1
"I",8.74097653801779,6254,24,1
"I",8.28020423327997,3945,22,1
"I",8.22282213081366,3725,21,1
"I",8.19201691453688,3612,20,1
"I",8.63337494570565,5616,19,1
"I",8.78078746833893,6508,18,1
"I",8.82438373025606,6798,17,1
"I",8.5567984460086,5202,16,1
"I",8.49228555571005,4877,15,1
"I",8.61031916940572,5488,14,1
"I",8.2419665602318,3797,13,1
"I",8.68642950866154,5922,12,1
"I",8.56826646160024,5262,11,1
"I",8.50025047068593,4916,10,1
"I",8.49310539588715,4881,9,1
"I",7.42773884053289,1682,8,1
"I",7.64969262371151,2100,7,1
"I",7.82204400818562,2495,6,1
"I",7.99564360428727,2968,5,1
"I",7.76344638872736,2353,4,1
"I",7.72444664563354,2263,3,1
"I",8.10952565975287,3326,2,1
"I",8.03008409426756,3072,1,1
"I",7.57763383260273,1954,0,1
"I",7.45356187164337,1726,0,1
"I",7.73848812249465,2295,0,1
"I",7.60439634879634,2007,0,1
"I",7.76089319585102,2347,0,1
"I",7.95472333449791,2849,1,1
"I",7.49997654095212,1808,2,1
"I",7.54960916515453,1900,3,1
"I",7.67600993202889,2156,4,1
"I",7.54750168281497,1896,5,1
"I",7.79193595693806,2421,6,1
"I",8.4071550862073,4479,7,1
"I",7.53796265976821,1878,8,1
"I",8.33278946841796,4158,9,1
"I",7.50549227473742,1818,10,1
"I",7.37963215260955,1603,11,1
"I",8.32044811395656,4107,12,1
"I",8.04750951098142,3126,13,1
"I",8.33902300574476,4184,14,1
"I",7.60339933974067,2005,15,1
"I",8.19090888118251,3608,16,1
"I",8.22577079934873,3736,17,1
"I",9.14430740137174,9361,18,1
"I",8.1969879272589,3630,19,1
"I",8.67658724356649,5864,20,1
"I",8.88030735898387,7189,22,1
"I",8.89617742227481,7304,23,1
"I",8.64664125860312,5691,24,1
"I",8.87248718227804,7133,24,1
"I",8.92332474406756,7505,24,1
"I",8.71980745147795,6123,24,1
"I",8.70615929092886,6040,24,1
"I",8.56655462095396,5253,24,1
"I",8.8378263640077,6890,24,1
"I",9.03228968203287,8369,24,1
"I",8.85552084853691,7013,24,1
"I",8.61122983334262,5493,24,1
"I",8.85194967125395,6988,24,1
"I",8.65591111072806,5744,24,1
"I",9.10597935665144,9009,24,1
"I",8.7157161275482,6098,24,1
"I",9.1122864315008,9066,24,1
"I",8.67829111175856,5874,24,1
"I",8.55929436743487,5215,24,1
"I",9.17139162183761,9618,24,1
"I",8.45297461908959,4689,24,1
"I",8.80672355472564,6679,24,1
"I",9.09178203585205,8882,24,1
"I",8.77663009842772,6481,24,1
"I",8.58932778917544,5374,24,1
"I",8.54188580400661,5125,24,1
"I",8.62909228391365,5592,22,1
"I",8.37309184744198,4329,21,1
"I",8.81833428355217,6757,20,1
"I",8.27205962221041,3913,19,1
"I",8.68152048483791,5893,18,1
"I",8.68862230704377,5935,17,1
"I",9.07863588097876,8766,16,1
"I",7.93701748951545,2799,15,1
"I",8.83811659764782,6892,14,1
"I",7.74240202181578,2304,13,1
"I",7.69348164083518,2194,12,1
"I",7.58629630715272,1971,11,1
"I",7.55066124310534,1902,10,1
"I",7.6980291702728,2204,9,1
"I",8.75400293349426,6336,10,1
"I",8.74001669151952,6248,11,1
"I",8.60739945930239,5472,12,1
"I",8.46842302704681,4762,13,1
"I",8.7448067374019,6278,14,1
"I",8.4984180360899,4907,15,1
"I",8.9219914105367,7495,14,1
"I",8.86587628542542,7086,13,1
"I",8.60410456340553,5454,12,1
"I",9.09593911166621,8919,11,1
"I",7.63530388625941,2070,10,1
"I",7.61972421378267,2038,9,1
"I",8.30696586536857,4052,8,1
"I",7.66762609158499,2138,7,1
"I",7.5847730776122,1968,6,1
"I",7.43661726523423,1697,5,1
"I",7.75147531802146,2325,4,1
"I",7.46565531013406,1747,3,1
"I",9.02569611981258,8314,4,1
"I",7.80669637252118,2457,5,1
"I",8.4755375161474,4796,6,1
"I",7.70751219460034,2225,7,1
"I",8.11192806331074,3334,8,1
"I",7.6511201757027,2103,9,1
"I",8.78630387828258,6544,10,1
"I",8.86841328467201,7104,12,1
"I",8.36799688505411,4307,13,1
"I",8.81135422996573,6710,14,1
"I",8.42441979126388,4557,15,1
"I",8.52912176228151,5060,14,1
"I",8.38617292897783,4386,13,1
"I",9.13421498158669,9267,12,1
"I",8.39660622842712,4432,11,1
"I",8.74416938875062,6274,10,1
"I",8.79239774235691,6584,9,1
"I",8.63034328934889,5599,8,1
"I",8.53856321715243,5108,7,1
"I",8.25088114470065,3831,6,1
"I",7.62168499872461,2042,5,1
"I",7.62413058566129,2047,4,1
"I",7.53101633207792,1865,3,1
"I",8.19174002127746,3611,2,1
"I",7.57916796739608,1957,1,1
"I",7.54644627374602,1894,0,1
"I",7.74153358928183,2302,0,1
"I",8.34924780056679,4227,0,1
"I",7.50878717063428,1824,0,1
"I",7.86748856869913,2611,0,1
"I",7.58273848891441,1964,0,1
"I",7.56423847517049,1928,0,1
"I",7.46106551435428,1739,0,1
"I",7.68202151082687,2169,1,1
"I",7.66293785046154,2128,2,1
"I",7.66011431917393,2122,3,1
"I",7.66434663209862,2131,4,1
"I",7.64204440287326,2084,5,1
"I",8.23695004806146,3778,6,1
"I",7.47250074473756,1759,7,1
"I",7.55381085200823,1908,8,1
"I",8.44376191333035,4646,9,1
"I",7.61283103040736,2024,10,1
"I",7.54009032014532,1882,11,1
"I",7.4500795698075,1720,12,1
"I",7.45587668749182,1730,13,1
"I",7.49052940206071,1791,14,1
"I",8.33926198292358,4185,15,1
"I",8.55178783618074,5176,16,1
"I",7.96380795323145,2875,17,1
"I",7.5422134631934,1886,18,1
"I",8.54927308487965,5163,19,1
"I",8.17018565287964,3534,20,1
"I",8.20876404581967,3673,21,1
"I",8.29978317194979,4023,22,1
"I",7.93307977188041,2788,23,1
"I",8.51959031601596,5012,24,1
"I",8.67111527368849,5832,24,1
"I",8.50349986428423,4932,24,1
"I",8.90693533905917,7383,24,1
"I",9.02014792080166,8268,24,1
"I",9.11471014096093,9088,24,1
"I",8.61884684514274,5535,24,1
"I",9.04144823549389,8446,24,1
"I",8.70001462325184,6003,22,1
"I",8.95738173558279,7765,21,1
"I",9.00822418785405,8170,20,1
"I",8.45701846838017,4708,19,1
"I",8.4142741374084,4511,18,1
"I",8.69951474821019,6000,17,1
"I",8.66561319653451,5800,16,1
"I",8.10802122137675,3321,15,1
"I",8.09894674894334,3291,14,1
"I",8.46947245520483,4767,13,1
"I",7.82284529027977,2497,12,1
"I",8.44117570499232,4634,11,1
"I",8.45297461908959,4689,10,1
"I",8.25556865328375,3849,9,1
"I",7.38025578842646,1604,8,1
"I",7.53422832627409,1871,7,1
"I",7.58882987830781,1976,6,1
"I",7.73630709654828,2290,5,1
"I",8.65154924391532,5719,4,1
"I",7.37525577800975,1596,3,1
"I",7.73848812249465,2295,2,1
"I",7.4301141385618,1686,1,1
"I",8.49125980938973,4872,0,1
"I",7.56060116276856,1921,0,1
"I",7.42416528104203,1676,0,1
"I",7.48436864328613,1780,0,1
"I",7.46565531013406,1747,0,1
"I",7.60738142563979,2013,0,1
"I",7.50273821075485,1813,1,1
"I",8.12088602109284,3364,2,1
"I",7.67878899819915,2162,3,1
"I",7.42297125104942,1674,4,1
"I",7.59739632021279,1993,5,1
"I",7.59337419312129,1985,6,1
"I",8.02715010683277,3063,7,1
"I",8.82246957226897,6785,8,1
"I",7.68063742756094,2166,9,1
"I",7.56112158953024,1922,10,1
"I",7.62997570702779,2059,11,1
"I",7.61726781362835,2033,12,1
"I",7.6434829070772,2087,13,1
"I",8.39660622842712,4432,14,1
"I",8.88239170629585,7204,15,1
"I",8.45062594714412,4678,16,1
"I",8.51859221232995,5007,17,1
"I",8.18451375303372,3585,18,1
"I",7.54168309988211,1885,2,1
"I",7.59890045687141,1996,3,1
"I",7.7591874385078,2343,4,1
"I",7.87815533650332,2639,5,1
"I",8.11999382772511,3361,6,1
"I",8.32579052588609,4129,7,1
"I",8.18172045512811,3575,8,1
"I",7.97865372908273,2918,10,1
"I",7.57814547241947,1955,11,1
"I",7.53796265976821,1878,12,1
"I",8.17611034223734,3555,14,1
"I",8.31139827843664,4070,15,1
"I",8.87919392811032,7181,16,1
"I",8.34735341212434,4219,17,1
"I",8.68321597524069,5903,18,1
"I",8.86700463533357,7094,19,1
"I",8.21851757748959,3709,21,1
"I",8.12829017160705,3389,22,1
"I",7.75319426988434,2329,23,1
"I",8.76826314537129,6427,24,1
"I",8.59155827337154,5386,24,1
"I",8.66094715506093,5773,24,1
"I",8.48135873840702,4824,24,1
"I",8.63373100766419,5618,24,1
"I",9.00085314710946,8110,24,1
"I",8.349011198176,4226,23,1
"I",8.1744211526465,3549,22,1
"I",7.93880224815448,2804,21,1
"I",8.4042484324001,4466,20,1
"I",8.40312823512826,4461,19,1
"I",8.78615105486974,6543,18,1
"I",8.54869185847561,5160,17,1
"I",8.47114925291483,4775,16,1
"I",8.13827263853019,3423,15,1
"I",8.30573114487587,4047,14,1
"I",8.26744895830485,3895,13,1
"I",8.33014046024638,4147,12,1
"I",7.85166117788927,2570,11,1
"I",8.28475659319044,3963,10,1
"I",7.60837447438078,2015,9,1
"I",8.80821966511841,6689,8,1
"I",7.53743003658651,1877,7,1
"I",7.76174498465891,2349,6,1
"I",7.93666015522543,2798,5,1
"I",7.55433482372575,1909,4,1
"I",7.61775957660851,2034,3,1
"I",7.51643330291563,1838,2,1
"I",7.57865685059476,1956,1,1
"I",7.71646080017636,2245,0,1
"I",8.30226579487337,4033,1,1
"I",7.69074316354187,2188,2,1
"I",7.69938940625674,2207,3,1
"I",7.67415292128168,2152,4,1
"I",7.56423847517049,1928,5,1
"I",7.55851674304564,1917,6,1
"I",7.61923341622681,2037,7,1
"I",7.99159228206809,2956,8,1
"I",7.65254569269392,2106,9,1
"I",7.88382321489215,2654,10,1
"I",7.53849499941346,1879,11,1
"I",7.78904040165748,2414,12,1
"I",7.83241092718792,2521,13,1
"I",7.94093976232779,2810,14,1
"I",8.5569906612903,5203,15,1
"I",8.60831278478372,5477,16,1
"I",8.52078672692637,5018,17,1
"I",8.44290058683438,4642,18,1
"I",8.05102220819068,3137,19,1
"I",7.98104975966596,2925,20,1
"I",8.32312288758773,4118,21,1
"I",8.44074401925283,4632,22,1
"I",8.73600738456922,6223,23,1
"I",8.31776616671934,4096,24,1
"I",8.06746266701006,3189,24,1
"I",8.75273950944749,6328,24,1
"I",8.77601271918292,6477,24,1
"I",8.53267276226462,5078,24,1
"I",8.54869185847561,5160,24,1
"I",8.29679586577005,4011,24,1
"I",8.54247099860051,5128,24,1
"I",8.62263370387423,5556,24,1
"I",8.36822903827628,4308,23,1
"I",8.69834740045819,5993,22,1
"I",8.60886037994206,5480,21,1
"I",8.57243866564222,5284,20,1
"I",8.61993026886735,5541,19,1
"I",7.98684490116138,2942,18,1
"I",8.18032087477368,3570,17,1
"I",8.86191700423521,7058,16,1
"I",8.57979233317276,5323,15,1
"I",8.19505769089508,3623,14,1
"I",7.91059061225648,2726,13,1
"I",8.9096406024431,7403,12,1
"I",8.34569287325387,4212,11,1
"I",8.22737550683403,3742,10,1
"I",7.6434829070772,2087,9,1
"I",7.55276208421415,1906,8,1
"I",7.43838353004431,1700,7,1
"I",7.46450983463653,1745,6,1
"I",7.48155570190952,1775,5,1
